speed_mean,speed_std,speed_min,speed_max,speed_variance,total_distance_km,total_time_hrs,loitering_score,max_gap_hrs,total_gaps,gap_flag,position_jump_km,dist_from_port_km,behavioral_score,speed_consistency,MMSI,VesselName,final_risk_score
-1.2323744090157178,-0.08845356346486265,-1.6370251784793233,-0.380551363653039,-0.10933568731714867,-0.9471565902542892,0.026950445093737743,-0.30543589226774365,-1.270201134635747,-0.26884943756778307,0.05858172479446081,-1.4985854372558873,-0.13107162178090026,-0.016520522939025267,-0.20268080574178515,311321000,VISION OF THE SEAS,0.7718
-0.899596569695099,-0.03442376034092272,-1.4881420060686779,-0.24524970918375066,-0.025487023618364874,-1.5912078209857163,0.017977420130877865,-0.37766976556746146,-0.9380832294034211,-0.16387859321711748,0.056184634192206546,-1.7037448505257873,-0.5148010655197832,0.00016122323472866614,-0.08177568372822562,403591000,JALADI,0.7717
-0.7615365049875252,-0.012070840914133168,-1.4210683661538226,-0.16897740271186862,-0.011842106849586864,-1.3118034153569833,-0.11218070901496777,-0.29812298250301594,-1.190706962811154,-0.239247863077839,0.056543111351241175,-1.69712240921526,-0.6661425371973044,0.00044289879497668046,-0.048309729431547065,538005679,SILVER MONIKA,0.7653
-0.4098238859731229,-0.7163551487322815,0.0640433882638859,-0.4552174935939904,-0.8809455609753906,-1.2448637593291223,0.09528461504612076,-0.2535108037022301,-0.5302963936796368,-0.03347528247740844,0.09080777027198249,-1.556145073181168,-1.1128559477671995,0.007924724600002285,-0.9791081189136339,224444000,LA MANCHA KNUTSEN,0.7639
-1.2665754197795127,-0.09828885701404794,-1.6666174585390088,-0.43662647798558246,-0.08720921168866774,-0.8511324966009421,-0.09048843225775734,-0.29091990817855007,-1.091331134706606,-0.2359198700324083,0.055818828228532465,-1.4713652363668668,-0.10149691809474867,-0.016791473155490563,-0.14150350704005377,370039000,CARNIVAL HORIZON,0.7593
-1.357879895402274,-0.18389022312683953,-1.5597403907711733,-0.4755690903874587,-0.15254060557065946,-1.4120560610031365,-0.04876174898272119,-0.31184689246924463,-0.260800938115221,-0.021622675059386372,0.07434907629693686,-1.5395175640630598,-0.20580487089001837,-0.011238265456740627,-0.2899477376121685,311058700,DISNEY FANTASY,0.7553
-0.8888432784360415,-0.7114492127066065,0.06448463524003738,-0.4439757437829746,-0.844371308964705,-1.2118475018398178,-0.04222457216669375,-0.2592593519230309,-0.5447408999157364,-0.041353523063658235,0.08575666994946449,-1.6030761772676365,-0.23994044223725883,0.021214633837733365,-1.0698894977596463,636011792,PREMIUM DO BRASIL,0.7528
-1.2960232036419133,-0.056364271108286935,-1.7902676607432515,-0.498219660311807,-0.03217475636685346,-0.9268454000893551,-0.32598656645600566,-0.3643446886326523,-0.2594056752617764,-0.17401538946847653,0.0512348524854805,-1.6181513675060546,-0.14926833977899684,-0.0029733602720923187,-0.07836227874788976,248325000,CELEBRITY EDGE,0.7443
-0.8305122138087888,-0.0902776922006847,-1.3879892516581196,-0.16426866476009183,-0.08426342495580427,-1.3826020340690754,-0.0992661518557347,-0.31296053293440584,-0.9545410553181184,-0.1496842338755724,0.06098246682212674,-1.7053582283649542,-0.2912745718430881,-0.02687844440316696,-0.07722674448958443,538003924,CELSIUS EAGLE,0.7404
-1.0235992135961485,0.009970739062730572,-1.7088526859037847,-0.28008900617455107,0.0030970348342364293,-1.1958977868984224,-0.24321801952602087,-0.340518699646518,-0.5906569371391205,-0.17547646085901702,0.04223958079407418,-1.6789402108192677,-0.10582869190859662,0.004869389517451853,-0.0758905239258947,310817000,GASLOG WELLINGTON,0.7339
-1.2819804514998847,-0.19648125264739819,-1.4480151747476482,-0.5546248220441027,-0.18242532396391317,-1.3764609018417546,-0.033036322323570455,-0.29434955733732904,-0.2743908296601425,-0.02466205675668928,0.08083467535388446,-1.2744286972858414,-0.1445239634271715,-0.015510082017627535,-0.3458961074905409,354842000,CARNIVAL BREEZE,0.732
-1.1911710839163674,-0.04827076985180364,-1.830009635827709,-0.5269057448841609,-0.029623832705386696,-0.508781574456703,-0.386009290851767,-0.32279653079598397,0.04632308426200947,-0.2047478815369067,0.06428816723524361,-1.0774068131745236,-1.2159480906499174,0.03100780824333172,-0.09190679609999632,538003993,MOL MARVEL,0.7292
-1.178600920583773,-0.10556762017881864,-1.4523275741035457,-0.47440777688260377,-0.11676500900306742,-1.2601403549724712,-0.05779373827725867,-0.28007710162422006,-0.23367120019297136,-0.08390011872429509,0.07561717962556243,-1.6537606239817602,-0.10917372675037207,0.004399867227466094,-0.32695588186756824,249055000,CELEBRITY MILLENNIUM,0.7258
-1.0532729701747874,-0.09081946441725954,-1.6358475281921072,-0.35282152017381024,-0.07356932557369052,-1.0842358426588823,-0.24936411021546462,-0.302645234479479,-0.28961465014589466,-0.09072435130830026,0.05742042012404502,-1.6551638234894757,-0.22037662015252185,-0.023992254533416132,-0.13738605983336166,311001049,MARDI GRAS,0.7233
-1.0359711903754236,-0.09808983034595764,-1.0769409837841644,-0.37821680187488965,-0.13395407463686787,-1.376514401021387,-0.007529261051698454,-0.28922564485425317,-0.5956929836175043,-0.05104293788224732,0.08680081673642667,-1.2024393624861607,-0.9111876849675483,-0.019977154332846886,-0.09334176435511603,357659000,CARNIVAL GLORY,0.7207
-1.214686007816612,0.006570298918651676,-1.801065336589434,-0.49886184316107285,0.0120242218723955,-0.5355347862270579,-0.3740912715452722,-0.33572305958471016,0.03182315349303455,-0.21092276997375237,0.06308282929350077,-1.1265278309962499,-1.1383459333867254,0.03126901183998014,-0.02317686151067805,477334300,MAERSK LONDRINA,0.7187
-0.6880071313145688,-0.005871030778159849,-1.3970609249825388,-0.12480594645211687,0.014686764167110213,-1.1966232030558817,-0.20156476823537678,-0.32664388814717776,-0.9670930582484365,-0.2101800821196625,0.04715699401466078,-1.7945075919660594,-0.20565489640613513,0.02002932214726114,-0.06515879277181937,538007655,STAR DALMATIA,0.718
-0.9094042884048402,-0.059486109187665594,-1.3054407747371448,-0.20587631964343364,-0.051252864291625275,-1.6711976488485176,0.04315608618899231,-0.36669332581119346,-0.6014098900099599,-0.08761028240736415,0.07648559987694127,-1.448489352301617,-0.43617939876042167,-0.01563708548686886,-0.08709536914341702,538009198,PACIFIC RUBY,0.7179
-0.9724628400637002,-0.5390584408103886,0.06692026865014312,-0.5161675535726901,-0.6789379463720376,-1.1284932216252757,-0.05550277089891472,-0.24810397559972477,-0.5398116203120686,-0.05708042232289641,0.09479739247180186,-1.6732189305004186,-0.11043616625190426,0.10315382985762962,-0.8657695718593069,244140580,NIEUW STATENDAM,0.7168
-0.864027187102575,-0.03114781821593487,-1.6469629241455839,-0.25239939664452243,-0.011793471771714257,-1.0651405628981176,-0.24101341244160027,-0.32080410484967586,-0.5917520060760153,-0.16708876886412494,0.05208316318157263,-1.6520308303926214,-0.23404163890002205,0.019911182952871965,-0.0629041141003969,538007337,FRONT SIRIUS,0.7163
-1.4236542947634452,-0.0860444757729362,-1.9051842324005663,-0.5141322989834781,-0.05903020489509186,-0.9740494496932152,-0.2859059965437146,-0.3667082981002359,0.00987767022017873,-0.04041765568290997,0.07071999303029779,-1.1701504475461548,-0.214574866082086,-0.009685622527288969,-0.09908541079440282,308516000,DISNEY MAGIC,0.7162
-0.28891176620024434,-0.4925647136654497,0.06683893588428166,-0.5162421256503869,-0.5767873906514995,-1.3610766656763693,-0.01902493487202283,-0.28074477559434363,-0.5665134112187113,-0.05760754238246656,0.10348721683561683,-1.7823800933052267,-0.17338894345395625,0.0020321135834122303,-1.1177592048697476,636092864,AS PAULINE,0.7139
-0.8494109212000838,-0.06673444142417488,-1.2975019708285587,-0.19191979162478212,-0.024450066012809482,-1.2335814529472666,-0.2081259675450697,-0.290936470472637,-0.2879076501849458,-0.10256493419811392,0.08035023710496127,-1.2857401763713499,-1.170790343546442,-0.0031033453548916816,-0.08906039965792154,241510000,RUNNER,0.7123
-0.702401954568988,-0.10208826460756348,-1.0244492030636372,-0.25792522247071,-0.07631095357326108,-1.7490709615372726,0.047851310144759227,-0.37560014629886584,-0.6078142696727421,-0.05017020086109341,0.07740694571048115,-1.9045646092683335,-0.15119282958286717,0.0026077969261122714,-0.1582205348174701,636020077,GREAT FOREST,0.7123
-0.9849323403819504,-0.10182295582479003,-0.9484921111824942,-0.3087610971346333,-0.08749819881632827,-1.4558717448581404,-0.18395640404576094,-0.3236985116259642,-0.5703317627581221,-0.10528635440788314,0.07098030809881863,-1.7888787198408933,-0.1320783743716066,-0.017408338871701498,-0.08531567557850359,636012804,ORANGE SUN,0.7121
-1.2215977457987672,-0.0942183810895169,-1.638507243050014,-0.548811061327218,-0.07804067584935548,-0.791221573363192,-0.005198286312629338,-0.24673187084292228,-1.0623388394255797,-0.052997353197503545,0.08953920625183669,-0.35284483376071835,-0.8595877945268049,0.004411506917341063,-0.16142726517172937,311020700,ALLURE OF THE SEAS,0.7117
-0.6584408957128296,-0.062381838578541834,-1.352240900088524,-0.24796553968673601,-0.020270560889259943,-1.0022752330746236,-0.17063307885856122,-0.2768174365705634,-0.9812753533395415,-0.21256572746993618,0.06454380078454096,-1.6921391442682627,-0.20419886966187553,0.02158157298755811,-0.21124215350252482,352649000,MSC NOA,0.7117
-1.2183004647860616,-0.06440917269980866,-1.842808241051322,-0.4734617473347863,-0.11438986395332165,-0.5200958729899406,-0.40221312906239504,-0.27432508567646396,-0.05995126513444856,-0.14502483420824094,0.08412150597019302,-0.9803019706332198,-0.6692910866377138,0.011772191701133508,-0.3248247696229191,256932000,COSCO HELLAS,0.7109
-0.8544766868440343,-0.5334276617494458,0.07064001567151418,-0.40327883119618885,-0.6156620613542613,-1.264003171463956,0.11959092193654802,-0.23921905196415477,-0.2887706762378601,0.035284101209961796,0.10711340869066009,-1.2734644931301284,-1.1338340206497841,0.07373393084382386,-0.8106353782077477,538009406,GLOBAL SEALINE,0.7104
-1.2746988763062672,-0.09579819541937414,-1.8506717665428303,-0.519570523129447,-0.09234791948765576,-0.5251416371844234,-0.38808917089508305,-0.29419957045303236,0.03192656571162216,-0.21212575091925054,0.06723556499450442,-1.1495565708628084,-0.5203381243497315,-0.004386534154313271,-0.13204534086477068,311263000,ADVENTURE OFTHE SEAS,0.7095
-1.4074172363855932,-0.8468045223804297,-1.0855032959541748,-1.0656217610159244,-0.9738427095283512,-0.0213217808379479,-0.37811953437405227,-0.04648015316277907,0.017748984052677833,-0.19637890433221544,0.08029055557271321,-0.07473716958435397,-0.12136300789373689,0.05933131868547276,-0.9001565417362277,366915910,BIG CAT EXPRESS,0.7091
-1.2703236975076213,-0.07753600873796895,-1.7224578694005672,-0.520251487330298,-0.1316585426994558,-0.6392219865007989,-0.28675028863991087,-0.23632204009559787,0.05268395663255845,-0.13676942704939335,0.0772801960363818,-1.0061636991943304,-0.8138126415795585,-0.006038642256734565,-0.22605279421680238,310567000,RUBY PRINCESS,0.7076
-1.0762871624415493,-0.4125114709290041,0.07195134164573486,-0.46621196734095044,-0.47391161200889564,-1.345974560548843,-0.02230174414250605,-0.23861005986977488,-0.253338884750955,-0.009004184063872272,0.1094525025308881,-1.1650437438186299,-0.9897221664417215,0.08543664551944348,-0.7701174130740441,229553000,COOL VOYAGER,0.7073
-1.2901255235417102,-0.02806699088239603,-1.9134079965670348,-0.4118205832695052,-0.01724538828794885,-0.950600800883539,-0.32695289644316333,-0.3764802521600424,-0.05285531048485654,-0.10515948698515237,0.061057946970832465,-1.1720508936132352,-0.2417624303911199,0.014455662718299267,-0.10839784719048849,477261300,MAERSK NIJMEGEN,0.7073
-1.2262947701844058,-0.3411962007114147,0.075663624342596,-0.5147220958199877,-0.47456683296238406,-1.23208724231243,-0.04770805207572749,-0.251462204500274,-0.5763594133074522,-0.059126745395721936,0.10039586274129608,-1.6696617360552348,-0.16643943193542365,0.0003959206465243163,-0.5619084480513739,311001223,CARNIVAL CELEBRATION,0.7069
-0.6717252543824076,-0.7107075326014365,0.07208820659953558,-0.4887967466711047,-0.7377090749618495,-0.9082938527283204,-0.12355984266367849,-0.2302418203442484,-0.2597809706357328,-0.025790693059746645,0.09775618886827145,-1.6362460815696627,-0.2533631202431503,0.001270327162486801,-1.055385854163776,354184000,MAHONI,0.706
-1.2486352884647127,0.019352003193726548,-1.8311034962205253,-0.49581135482319383,0.021347526251916354,-0.5632672928913809,-0.387556252303487,-0.35017295253291786,0.02757822416829488,-0.21628155984382985,0.06023273654693067,-1.1427570633640656,-0.7874947137456764,0.04914910327026496,0.006431485628542693,636021462,EVER FULL,0.7031
-0.06782941609559064,-0.6704377717911431,0.07323746973000238,-0.42028963129428487,-0.7908310420527662,-0.9093043105747829,-0.15528159095626215,-0.2436207503784798,-0.5578258836188841,-0.1457662308154963,0.10737430296924044,-1.615111944647958,-0.47955072832923235,0.10264262419866636,-1.1039637676293645,563082400,BW PAVILION ARANDA,0.7029
-1.3033346928742395,-0.03655980441178298,-1.9291809247233869,-0.49527560505490126,-0.030347142432425332,-0.5374736401924574,-0.38435343960694324,-0.346603487405546,0.03906655809767337,-0.20645432381494624,0.061372959483822556,-1.1180651021104138,-0.4542120987143,0.026689085994986872,-0.0712689650121087,241275000,MARAN GAS APOLLONIA,0.7
-0.20975778638069442,-0.45835380995477504,0.07420497422581575,-0.25052788541584725,-0.5739362232008209,-1.307505786517222,0.1465074735241847,-0.2384612900090246,-0.6034637263291194,-0.047631670539939,0.11273440432559327,-1.4807197310954792,-1.4242973591880095,0.07587302590108544,-0.591650748282527,477166800,UNI SUNSHINE,0.6978
-0.6731113611509291,-0.07496526692081638,-1.3863929140565332,-0.19430440484022637,-0.04541143600045051,-0.93050740220121,-0.20391626052632644,-0.30157711582453833,-0.6152351975920658,-0.19446693877993376,0.07338901306154728,-1.608180087547546,-0.4213550129324111,0.01637381575771159,-0.13746566651551992,249338000,HAFNIA LISE,0.6945
-0.647076326126918,-0.21484913587000273,-0.43007251403197466,-0.3515977401691847,-0.19757761314539643,-1.0609837639407673,-0.13299000289418675,-0.20284182481591448,-0.6022380218007375,-0.11709804268777968,0.09698465769386916,-1.763188611146319,-0.33932159987395016,0.05376740317747592,-0.7917250991324295,248655000,CMA CGM LOUGA,0.6931
-1.317608074401542,0.07654522600142605,-1.898213025966004,-0.6639817163081934,0.06408987153538345,-0.07892786334722864,-0.35403391026124886,-0.428558389499181,-0.1328090311344454,-0.23085948200044087,-0.6088820217792106,0.0673036923884158,-1.3193033350263945,0.07751102309639395,0.07565708875978705,636091328,SANTA VIOLA,0.6927
-0.32699936586716066,-0.7967898313407356,0.06964432366959983,-0.4403391326251271,-0.9983436209074876,-1.2687480432069838,0.06594814857280167,-0.2859689955251901,-0.30773882741952296,0.02426635372841074,0.11116605259566924,-1.1749936057887131,-0.4908620903315995,0.050761195380203995,-0.910173404926198,538006974,ETHANE CRYSTAL,0.6918
-0.7415640968689128,-0.4753651708802867,0.07138504313381708,-0.46258156538126294,-0.6158458928422261,-0.8662409303950305,-0.13981153212744385,-0.23017591964961928,-0.5670773812133247,-0.10601226196152946,0.10200690110889309,-1.7483804821244018,-0.1298821897672534,0.08794294801786312,-0.8005757700175314,256059000,MSC SEASCAPE,0.6889
-1.3227273839973568,-0.03074433080998197,-1.9962039683049775,-0.47455190847389983,-0.020767589557168474,-0.4578998399549931,-0.40295065719052486,-0.34242288364215034,0.027071265208711715,-0.20084262829911578,0.05662022431885383,-1.1187050162849286,-0.21674207276950666,0.03107492157086858,-0.07807309048054974,636016647,CAP PALLISER,0.6866
-1.355485364573102,-0.1608026931122945,-1.9905315997811364,-0.8047456493147833,-0.16649533874014513,-0.18653972885301653,-0.37789110087082395,-0.3937380950255537,-0.07766842975890557,-0.2215117962176981,-0.6028675211740403,0.06567582496077419,-0.40668293536253625,0.04765205693209409,0.08764092544229114,338933000,USS SAN JACINTO,0.6852
-0.9742598198586394,-0.09116396306882683,-1.8085282543677468,-0.35311247464297735,-0.052785502598291074,-0.3658999313324835,-0.37079979172416355,-0.23386190205784965,0.04373287873648611,-0.20615936374505905,0.07078794587003819,-1.017259904651811,-1.0978309694584953,0.020253006185940562,-0.08516078922338702,636017409,NAVIGATOR AURORA,0.6844
-0.8028551376665624,-0.4317862154865826,0.07037431162440635,-0.3611841542234561,-0.5324022903686619,-0.8792176275537921,-0.1261922565793801,-0.2344355121408238,-0.5772296283719447,-0.11887409916198532,0.1034647415098745,-1.6287310532138661,-0.1281565106239767,0.0958486837693883,-0.9886180753972057,636091731,SEABOARD OCEAN,0.6844
-0.8054435863970316,-0.2687645055177288,0.07788695398326949,-0.48473187717575,-0.4638448423976579,-1.6951034269702787,0.10591885194306516,-0.28503349225137553,-0.2783882487972345,0.03711767013725165,0.11448168289750087,-1.6975890685720576,-0.2774884931050327,0.07534916718272792,-0.6964624872572386,636020168,SAN AMERIGO,0.6843
